mean_loss,epsilon
0.0817456333592,0.9992836
0.0752748941009,0.9983206
0.0804710547152,0.997588
0.0867916770272,0.9969013
0.0859976712883,0.9960112
0.0847117415252,0.9952543
0.0855628383855,0.9943795
0.0844249942791,0.9934255
0.083274543479,0.9927217
0.0846101892484,0.9920188
0.0852233844501,0.9912529
0.0854723018121,0.9903961
0.0870532318063,0.9895969
0.0804986932211,0.9887185
0.0822048080215,0.9879076
0.0809094585118,0.9870967
0.0856863083533,0.986329
0.0861679566137,0.9855172
0.0844131571682,0.984634300001
0.0829070053867,0.983665000001
0.088165469578,0.982881100001
0.0844643921429,0.982054000001
0.0823763738289,0.981242200001
0.0834347823347,0.980501500001
0.0860477122103,0.979789600001
0.0905206882144,0.979047100001
0.0954560354153,0.978027400001
0.1015985253,0.977244400001
0.0922660749852,0.976351600001
0.0849427683487,0.975610900001
0.0781982091168,0.974628100001
0.0722474071567,0.973715500001
0.0688421259727,0.972821800001
0.0640895246333,0.971933500001
0.0638981518477,0.971094700001
0.0597572872848,0.970072300001
0.0580271944947,0.969264100001
0.0572175901684,0.968383900001
0.0572689876422,0.967555900001
0.0558130844404,0.966627100001
0.0538056442019,0.965804500001
0.0540736207348,0.965025100001
0.0509143475135,0.964283500001
0.050634447874,0.963466300001
0.0505414318751,0.962601400001
0.0512417663607,0.961794100001
0.0499711718503,0.961082200001
0.0500593607709,0.960333400001
0.0470296744756,0.959537800001
0.0460126203771,0.958536100001
0.0446211820555,0.957715300001
0.048013712319,0.956646100001
0.0432077307339,0.955810000001
0.0448432348194,0.955143100001
0.0463916157429,0.954103600002
0.0476270509151,0.953042500002
0.0443394555595,0.952193800002
0.0422312555095,0.951453100002
0.0446706196646,0.950687200002
0.0461675829555,0.949850200002
0.0454863621471,0.948724300002
0.0446600997131,0.947979100002
0.0438981561826,0.947222200002
0.041832687325,0.946423000002
0.0423389752294,0.945664300002
0.0428072742159,0.944923600002
0.0432145614435,0.944178400002
0.0412574342028,0.943342300002
0.04306654528,0.942472900002
0.0407300009015,0.941511700002
0.0413435817414,0.940554100002
0.0434044943318,0.939754000002
0.0425347941174,0.938815300002
0.0416519358281,0.938048500002
0.0426307839855,0.937073800002
0.0413541800772,0.936307900002
0.0402941493209,0.935092900002
0.0423127698668,0.934298200002
0.0433454834546,0.933502600002
0.0410422714358,0.932425300002
0.0400653860522,0.931474000002
0.0434159373938,0.930355300002
0.0439429023001,0.929476900002
0.0430792708677,0.928572400002
0.041024944292,0.927578800002
0.0417809318988,0.926790400002
0.0418543796152,0.925818400002
0.0398153319696,0.924836500002
0.042529429362,0.923805100003
0.043188117167,0.922965400003
0.0413378775703,0.922206700003
0.0421689890893,0.921487600003
0.0420762981621,0.920610100003
0.0428409142303,0.919815400003
0.0411964707987,0.918994600003
0.0420634088314,0.918253900003
0.0390991902456,0.917500600003
0.039888363575,0.916358500003
0.0402085263855,0.915605200003
0.0411436480948,0.914527000003
0.0400052064353,0.913702600003
0.0402042075112,0.912881800003
0.0421373988041,0.911965600003
0.0406901420727,0.911212300003
0.0424077473605,0.910338400003
0.0415000766206,0.910189900003
0.0391255641347,0.909432100003
0.0403071965011,0.908488000003
0.0416976899813,0.907693300003
0.0400786470969,0.906718600003
0.0398297543315,0.905881600003
0.0397147668106,0.905061700003
0.0400703843961,0.904077100003
0.0412275007344,0.903020500003
0.0402067860619,0.902120500003
0.0385454173343,0.901284400003
0.0408711427168,0.900471700003
0.0419693071053,0.899502400003
0.0398404583262,0.898628500003
0.0413367275217,0.897548500003
0.04063054731,0.896676400003
0.0412095413513,0.895861900003
0.0413699006071,0.895159000003
0.041656062,0.894263500003
0.0427014409241,0.893296900004
0.0400351293424,0.892429300004
0.0389961766712,0.891534700004
0.037588076607,0.890634700004
0.0405510836931,0.889877800004
0.040359912807,0.889083100004
0.0407574440579,0.888075100004
0.0396811963335,0.887338000004
0.039597206682,0.886450600004
0.0401957848481,0.885693700004
0.0406322612821,0.884760400004
0.0404138958213,0.883883800004
0.0400036567367,0.883037800004
0.0390420763329,0.881987500004
0.0395763549427,0.880861600004
0.0405506424725,0.879917500004
0.0396144280769,0.878856400004
0.0392764439518,0.877786300004
0.0387076743427,0.876790900004
0.0389852450523,0.875878300004
0.0388060180604,0.874913500004
0.0391387293689,0.873895600004
0.0391885708236,0.872976700004
0.039316694536,0.872105500004
0.0400531775656,0.871168600004
0.0400579503023,0.870222700004
0.0397549246946,0.869183200004
0.0398605993666,0.867991600004
0.0388260122583,0.867046600004
0.0410011536385,0.865855900004
0.0410089959544,0.865234000004
0.0390913297434,0.864238600004
0.0405840976446,0.863426800004
0.0399530993089,0.862303600005
0.0401430837165,0.861216400005
0.0399469844759,0.859992400005
0.0389916679981,0.859156300005
0.0399435809561,0.858197800005
0.0403029203713,0.857089000005
0.0398326885311,0.856241200005
0.0394965769448,0.855234100005
0.041598703245,0.854406100005
0.0398368872625,0.853493500005
0.0406759978505,0.852546700005
0.0402646748464,0.851594500005
0.0398541681649,0.850337200005
0.0399247632254,0.849334600005
0.0406501794139,0.848395900005
0.0392793506825,0.847486000005
0.0398850768097,0.846136000005
0.0402200948689,0.845217100005
0.0403938962265,0.844255900005
0.0421916422099,0.843116500005
0.0403766676387,0.842154400005
0.0409213847824,0.841004200005
0.0397103422793,0.839523700005
0.0409264665357,0.838306900005
0.0403045243674,0.837277300005
0.0419235507793,0.836083000005
0.040671819398,0.835192900005
0.0397404822267,0.834183100005
0.040308494592,0.833004100005
0.0399974383396,0.831987100006
0.0395602353804,0.830932300006
0.0392664068645,0.829880200006
0.0409877351947,0.828911800006
0.0418716321746,0.827906500006
0.0412601425773,0.826583500006
0.0405142973274,0.825277600006
0.0398783541126,0.824165200006
0.0398166970162,0.823220200006
0.0401646755341,0.822011500006
0.0408410180019,0.820945000006
0.0408253097136,0.820272700006
0.0403934678869,0.819199000006
0.0403032307267,0.818291800006
0.0408720967884,0.817190200006
0.0404637650452,0.815994100006
0.0433097339885,0.814960900006
0.0401862235673,0.813794500006
0.0418582494201,0.812873800006
0.0416932776322,0.811808200006
0.0421502941515,0.810793000006
0.0414825869387,0.809715700006
0.0427697657187,0.808525000006
0.041421634742,0.807342400006
0.0411671334515,0.806410000006
0.0406423865883,0.805371400006
0.0416112975955,0.804120400006
0.0410776632076,0.803118700006
0.0411762432345,0.801680500007
0.0407145822334,0.800704000007
0.0421077831596,0.799605100007
0.0405356682054,0.798696100007
0.0390821572099,0.797485600007
0.0411076609783,0.796593700007
0.041576811037,0.795654100007
0.0415980409964,0.794494900007
0.0409473325403,0.793135900007
0.0411805732163,0.792200800007
0.0427070075856,0.791309800007
0.0406772955107,0.790125400007
0.0403167988903,0.789198400007
0.0424223965401,0.788241700007
0.0397957722506,0.787169800007
0.0422749528322,0.786061900007
0.0414666533408,0.784747900007
0.0400547933579,0.783715600007
0.0417685084882,0.782995600007
0.0405663860279,0.781869700007
0.0398049427582,0.781056100007
0.0409248033599,0.779878900007
0.0413692466982,0.778920400007
0.0408309175581,0.777914200007
0.0417290064824,0.776758600007
0.0406845808558,0.775747900007
0.0411179695235,0.775311400007
0.0406118375929,0.774347500007
0.0391516388854,0.773468200007
0.0409781475747,0.772564600007
0.0406988170363,0.771356800008
0.0419246953954,0.770371300008
0.040656243443,0.769193200008
0.0437402810949,0.767991700008
0.0420636784982,0.767028700008
0.0412067456651,0.765882100008
0.0407601807033,0.764762500008
0.0414954946148,0.763558300008
0.0411157514629,0.762217300008
0.0398973206988,0.760974400008
0.0418964960705,0.759942100008
0.0429585385365,0.758776600008
0.0430107881759,0.757831600008
0.0418487670482,0.756482500008
0.0413703803666,0.755451100008
0.0412179599063,0.754312600008
0.0412633917047,0.753103900008
0.0411273441504,0.752132800008
0.0403426305787,0.751186900008
0.0402681649609,0.750126700008
0.0402797224915,0.749027800008
0.0422688000917,0.748052200008
0.0413563849853,0.747010900008
0.0405166720317,0.745910200008
0.0422782434592,0.744912100008
0.0414561344368,0.743878000008
0.0411275805928,0.742476700008
0.0415604308491,0.741413800009
0.0414256663346,0.739935100009
0.041637292868,0.738774100009
0.0411649137417,0.737704000009
0.0420410964416,0.736466500009
0.0406923637914,0.735370300009
0.0419439280619,0.733839400009
0.0431572770242,0.732738700009
0.0418453841043,0.731479600009
0.0405377840332,0.730347400009
0.0414301892958,0.729139600009
0.040159708131,0.727981300009
0.0408788635296,0.726922000009
0.0411070145963,0.725224600009
0.0413216062488,0.724047400009
0.0418888082171,0.722836000009
0.0421379730681,0.721595800009
0.0401213031932,0.720639100009
0.0413975821249,0.719514100009
0.0405098137205,0.718365700009
0.0412346194638,0.717097600009
0.0421890115661,0.715882600009
0.0425384155749,0.714480400009
0.0417066707085,0.713152000009
0.0433331143397,0.711899200009
0.042259986172,0.71083720001
0.0432381708847,0.70969150001
0.0429921002549,0.70858000001
0.0421858650163,0.70731730001
0.0402810820592,0.70629850001
0.0427245404358,0.70523920001
0.0415863277977,0.70405570001
0.0420264428697,0.70281550001
0.0425264530551,0.70162390001
0.0436154347033,0.70053220001
0.0423529856903,0.69928480001
0.0428619283306,0.69833980001
0.0432540733711,0.69717430001
0.0426860838202,0.69609340001
0.0428243814719,0.69475600001
0.0439460094639,0.69367330001
0.0418573970773,0.69257980001
0.0414628859814,0.69101380001
0.0420047776421,0.68981410001
0.0418034102783,0.68870890001
0.0424541510081,0.68755510001
0.0430624172049,0.68633740001
0.0429125994174,0.68538160001
0.0421781298527,0.68383180001
0.0426204239124,0.68243140001
0.0414447344579,0.68158540001
0.0427337413786,0.680158000011
0.0417309767932,0.679229200011
0.0423480801595,0.677967400011
0.0426301871751,0.676872100011
0.0420245574274,0.676084600011
0.0434888157077,0.674611300011
0.0421453835331,0.673380100011
0.0430367920518,0.671871700011
0.0434281000135,0.670324600011
0.0426657764953,0.669151900011
0.0432283980622,0.667894600011
0.0437515205483,0.666540100011
0.043618721711,0.665039800011
0.0414860320731,0.663805000011
0.042337217382,0.662695300011
0.0433093776685,0.661307500011
0.0442542791276,0.659809900011
0.0428585186827,0.658687600011
0.0432921479811,0.657446500011
0.0425460221815,0.656227000011
0.04205851295,0.655049800011
0.0442925736715,0.653730400011
0.0418705283436,0.652415500011
0.0409258034656,0.651083500011
0.0448057739816,0.649867600012
0.0416682405985,0.648780400012
0.0432645162477,0.647740000012
0.0429120250966,0.646309900012
0.0437565474194,0.644946400012
0.0438083091454,0.643810600012
0.0431631850324,0.642787300012
0.0434283925815,0.641525500012
0.0438146794539,0.640414000012
0.0425630932765,0.639466300012
0.0435775253479,0.638024500012
0.043612960875,0.637054300012
0.0442250100664,0.636095800012
0.042262101733,0.634930300012
0.0438824514237,0.633493900012
0.0426987551575,0.632092600012
0.0438273044676,0.630968500012
0.0434474813684,0.629567200012
0.0446563897941,0.628484500012
0.044470845322,0.627106600012
0.0449646065259,0.626082400012
0.0445685919164,0.624956500012
0.0420717305603,0.623953000012
0.0442271354442,0.622854100012
0.0441200286192,0.621433900012
0.0423699684647,0.620282800013
0.0422566698214,0.619297300013
0.0437524702162,0.617786200013
0.0434357077011,0.616276000013
0.0443634327335,0.614920600013
0.0445116025142,0.613660600013
0.0434330671574,0.612320500013
0.0454446437124,0.611086600013
0.0445123980416,0.609560200013
0.0426756674111,0.608486500013
0.0449847225752,0.607183300013
0.0449625434571,0.605845900013
0.0418065064811,0.604573300013
0.0443983147301,0.603705700013
0.0431928062405,0.602514100013
0.0443618566153,0.601102000013
0.0435628827344,0.599896900013
0.0434503283259,0.598287700013
0.043470648314,0.597252700013
0.0427806619098,0.595487800013
0.0413598834341,0.595447300013
0.0444775748499,0.594291700013
0.0455046952048,0.593149600013
0.0444213287027,0.591988600013
0.0460490921246,0.590809600013
0.0457907340358,0.589251700014
0.0447071752704,0.587863000014
0.0448512638587,0.586693000014
0.0426854649331,0.585324100014
0.0454859603138,0.584124400014
0.045862348494,0.582888700014
0.0443878236882,0.581850100014
0.0445583761825,0.580716100014
0.043210738797,0.579529900014
0.04499369672,0.578199700014
0.0439214307826,0.577038700014
0.0452563267752,0.575695900014
0.0440983416302,0.574425100014
0.0453626185003,0.573264100014
0.0447167331584,0.572077900014
0.0429785139653,0.570642400014
0.044350379535,0.569474200014
0.0467500725174,0.568246600014
0.0450591840435,0.566956900014
0.0454597048335,0.565025500014
0.0447600066221,0.563588200014
0.0457321761166,0.562230100014
0.0442908709085,0.560776600014
0.0445605767868,0.559522000015
0.0441050005909,0.557912800015
0.0449488800074,0.556042600015
0.0449813910361,0.554746600015
0.0458383915128,0.553660300015
0.0455860530553,0.552143800015
0.044653374945,0.550640800015
0.0430700493182,0.550478800015
0.0436365815752,0.549190900015
0.0447135450279,0.547754500015
0.0449000250885,0.546025600015
0.0464005316474,0.544696300015
0.0439583042279,0.543121300015
0.0456381506844,0.541467100015
0.0444266994628,0.539996500015
0.0455213316167,0.538437700015
0.0446018264555,0.536972500015
0.0459139978383,0.535652200015
0.0437824070737,0.534081700015
0.0454302114883,0.532695700015
0.0463880578018,0.531340300015
0.0442878350873,0.529991200015
0.044711641345,0.528616900016
0.0445983545708,0.527233600016
0.0451267942177,0.525320200016
0.0450535556542,0.523733500016
0.0451967168904,0.522549100016
0.0457968366494,0.521340400016
0.0451658526971,0.519756400016
0.0433506492624,0.518152600016
0.0447417953639,0.516243700016
0.0472747310322,0.514892800016
0.0448157941731,0.513181000016
0.0440588748176,0.511740100016
0.0448567045163,0.510317200016
0.0455864249696,0.508914100016
0.0453542072778,0.507505600016
0.0436923196272,0.506035000016
0.045285745107,0.505506700016
0.0447417886335,0.503748100016
0.0445372856702,0.501976900016
0.0457774575017,0.500238100016
0.0459978771419,0.498285100016
0.0460098873549,0.496883800016
0.0448587387913,0.495650800016
0.046130511366,0.494358400016
0.0457152891564,0.492773500016
0.0451394680016,0.491138200016
0.0451241479458,0.489300400016
0.0431433341117,0.488102500016
0.0452921856809,0.487010800016
0.0454242344157,0.485483500016
0.0451060338233,0.484106500016
0.0446966661959,0.482890600016
0.0443114605743,0.481282300016
0.0446591794443,0.479966500016
0.0446399831494,0.478454500016
0.0448548791016,0.476561800016
0.0457159063632,0.474927400016
0.0452323814366,0.473251600016
0.0451335479116,0.472033000016
0.0440625239444,0.470113300016
0.0470861339392,0.468809200016
0.0442507804155,0.467660800016
0.0447430941652,0.466061500015
0.0463986424226,0.464452300015
0.0459694254408,0.462897100015
0.0450959174186,0.461222200015
0.0452922505708,0.460533700015
0.0462958225957,0.458945200015
0.0455828083845,0.457194700015
0.0449220686973,0.455507200015
0.0446151219025,0.453623500015
0.0460706014819,0.452352700015
0.046454590973,0.450834400015
0.0461995462813,0.449209900015
0.044810299725,0.447787900015
0.0465567600772,0.446466700015
0.0453561110852,0.444739600015
0.0458628080678,0.443406700015
0.0458963529476,0.441989200015
0.0460382375591,0.440389900015
0.0462717046474,0.438756400015
0.046233620364,0.437156200015
0.0448122299799,0.435993400015
0.0446171622947,0.434069200015
0.0453744291922,0.432795700015
0.045652220017,0.430944400014
0.0445355359555,0.429238900014
0.0447015223936,0.427337200014
0.0448962764993,0.425920600014
0.0458352527379,0.423881200014
0.0460569731924,0.421777000014
0.0449722805711,0.420155200014
0.0457767408799,0.417926800014
0.0457798723794,0.416319400014
0.046951185606,0.415558900014
0.0454823129357,0.413835400014
0.0456738014235,0.411942700014
0.0470678189875,0.410095900014
0.0453755296369,0.408554200014
0.0465195207851,0.406660600014
0.0458608885132,0.405298000014
0.0464480941825,0.403624900014
0.0461367315579,0.401743000014
0.0447625138232,0.399643300014
0.0460650377006,0.397672300014
0.0460894070674,0.396080200013
0.0456709804367,0.394066900013
0.0451136390401,0.392149900013
0.0464769176866,0.390168100013
0.0466680290307,0.388522000013
0.0442539764672,0.386871400013
0.0451613975483,0.384686200013
0.045213429434,0.382856500013
0.0456123421948,0.380611000013
0.0461002053846,0.378756100013
0.0467221129133,0.377227900013
0.045991035378,0.375304600013
0.0476304256003,0.373721500013
0.0472210156457,0.371764900013
0.046652256303,0.370581400013
0.0459205827181,0.368362900013
0.0472551777825,0.366187600013
0.0452698134494,0.364186000013
0.0463964814001,0.362336500013
0.0453512600089,0.360917200012
0.0477122691304,0.359109100012
0.0469142789138,0.357150700012
0.0467083975787,0.355722400012
0.0456653619482,0.353760400012
0.045821616234,0.351951400012
0.0469613562279,0.350440300012
0.0462155958074,0.348487300012
0.0456166367342,0.346792600012
0.0470628557277,0.344809900012
0.0481852202908,0.343055800012
0.0461147017939,0.341074900012
0.0463393097644,0.339376600012
0.0460165678667,0.337182400012
0.0471050606356,0.334042300012
0.0462561992553,0.332336800012
0.0477031339897,0.329952700012
0.0440316564696,0.328171600012
0.0451122012611,0.326169100011
0.047189678824,0.325603000011
0.0479099714992,0.323452900011
0.0474573171942,0.321322600011
0.0454198492234,0.319402900011
0.0463627550724,0.317190700011
0.0473663965157,0.315082900011
0.047248982425,0.312710500011
0.0474503764759,0.311263300011
0.0467983490409,0.309174400011
0.0470645606984,0.307463500011
0.0461376916867,0.305781400011
0.0458176053715,0.304003900011
0.0460293729826,0.301654900011
0.0474034666444,0.299989000011
0.0460290130673,0.297879400011
0.047822325952,0.296024500011
0.0459574436648,0.294004900011
0.0464035721939,0.29168200001
0.0470918467727,0.28981540001
0.0470425464754,0.28776070001
0.0462442317501,0.28555210001
0.0471592849552,0.28351540001
0.0480494575696,0.28155880001
0.0487312764624,0.28062370001
0.0471768286166,0.27840880001
0.0473484860549,0.27588520001
0.0473785333212,0.27262540001
0.0483862548064,0.27064000001
0.0469954206276,0.26750080001
0.0468102961371,0.26533900001
0.0458607584819,0.26337250001
0.0470402685855,0.26090110001
0.0464851676264,0.25905250001
0.0470329569426,0.256905100009
0.0469035192532,0.254396800009
0.0474766685283,0.252302500009
0.046866782593,0.250554700009
0.0475844080294,0.247978900009
0.0467494746409,0.244734400009
0.0470969068456,0.242673400009
0.0479253751566,0.240602500009
0.0471765485825,0.238422700009
0.0464434306537,0.236629900009
0.0470819995505,0.235641700009
0.0470154610058,0.233443900009
0.048225075869,0.231265000009
0.0471668952329,0.229174300009
0.0467304058888,0.227161000009
0.0462431846621,0.224254000009
0.0480727139386,0.222247900009
0.0487186346196,0.219637000009
0.0466387490782,0.217025200009
0.0469482629583,0.214471900009
0.0465969716714,0.211854700009
0.04688753769,0.209440900009
0.0466371027144,0.206316100009
0.0469801119325,0.203351500009
0.0480203095358,0.200611900009
0.0461968032925,0.198303400009
0.0467407298227,0.195524200009
0.0473956162159,0.193179700009
0.0478879981988,0.190657900009
0.0474158746681,0.188185600009
0.0466069719339,0.185410000009
0.0473677353208,0.183227500009
0.0466389819559,0.180546400009
0.0468989052222,0.178263100009
0.0470127654608,0.176128300009
0.0476016056975,0.173432800009
0.0463007373555,0.170705800009
0.0460075045237,0.167057200009
0.0478662568387,0.163650700009
0.0470192872551,0.160561900009
0.045779782651,0.157186000009
0.0469813468034,0.154629100009
0.0467186355462,0.151768900009
0.0472306776789,0.148919500009
0.047652169435,0.145819000009
0.0459241198161,0.145673200009
0.0454632176601,0.142416100009
0.0464395493582,0.13994020001
0.0452241848136,0.13770280001
0.0456612995936,0.13485790001
0.04626744417,0.13162060001
0.0468599448686,0.12875860001
0.0460693905842,0.12638260001
0.0462115887394,0.12332530001
0.0451541663997,0.12046240001
0.0465669984523,0.11737000001
0.0473449694716,0.11384470001
0.0460465160676,0.11037520001
0.0462381071993,0.10762300001
0.0465550041162,0.10309330001
0.04585273899,0.10068670001
0.0459913663444,0.1
0.046510451013,0.1
0.0463404643364,0.1
0.0464989234706,0.1
0.0468752076526,0.1
0.0457441565135,0.1
0.0470566285251,0.1
0.0466195213773,0.1
0.0456881242974,0.1
0.0475374984292,0.1
0.0470052817841,0.1
0.0474966841701,0.1
0.0467974894881,0.1
0.0460640371267,0.1
0.0469682112877,0.1
0.0471649069,0.1
0.0463930101303,0.1
0.0460903723838,0.1
0.0456566093348,0.1
0.0455005579265,0.1
0.0470374137513,0.1
0.046644237152,0.1
0.047663790285,0.1
0.0471555950501,0.1
0.0461708956004,0.1
0.0470235606921,0.1
0.0463072960834,0.1
0.0471305065834,0.1
0.0463525624873,0.1
0.0471990931148,0.1
0.0466621770614,0.1
0.0471311447365,0.1
0.0467147903573,0.1
0.0470233069283,0.1
0.0468580899381,0.1
0.0464236060428,0.1
0.0468910728494,0.1
0.0461632114777,0.1
0.046565708069,0.1
0.045658466828,0.1
0.0466667895926,0.1
0.0463624076667,0.1
0.0458283852087,0.1
0.0470260061899,0.1
0.046748258525,0.1
0.0459021729663,0.1
0.0458990250421,0.1
0.0468441785304,0.1
0.0470442107576,0.1
0.0467547531051,0.1
0.046534651906,0.1
0.0466034285985,0.1
0.0456985194207,0.1
0.0456021091683,0.1
0.0461281035256,0.1
0.0459315703329,0.1
0.0462417243671,0.1
0.045718832854,0.1
0.0465480670547,0.1
0.0461699385858,0.1
0.0457675085324,0.1
0.0470821142523,0.1
0.0460279589289,0.1
0.0458133968053,0.1
0.0449783557584,0.1
0.0458287602226,0.1
0.045226331715,0.1
0.0460555878445,0.1
0.0457247817136,0.1
0.0457881039367,0.1
0.0451146719988,0.1
0.0450433206566,0.1
0.0448582876974,0.1
0.0451828645974,0.1
0.0461474131078,0.1
0.0453941576397,0.1
0.0467179886391,0.1
0.0453761878531,0.1
0.044608080608,0.1
0.0448475807719,0.1
0.0446249054407,0.1
0.0453922760133,0.1
0.0453851187097,0.1
0.0453142876354,0.1
0.0447557530091,0.1
0.0450201183246,0.1
0.0446512328078,0.1
0.0449641414006,0.1
0.0444006728877,0.1
0.0444531834771,0.1
0.0444265355016,0.1
0.0445047464108,0.1
0.0445395551224,0.1
0.0451523980123,0.1
0.044227309426,0.1
0.044019603917,0.1
0.0447296273422,0.1
0.0443457939218,0.1
0.0441878597827,0.1
0.0440132404153,0.1
0.0438105888517,0.1
0.0436951061932,0.1
0.0437071351382,0.1
0.0433516902138,0.1
0.0425147182635,0.1
0.0438456321136,0.1
0.0433876173995,0.1
0.0439033471983,0.1
0.0435483931936,0.1
0.0432042947708,0.1
0.0433336246393,0.1
0.0425504508951,0.1
0.043570317694,0.1
0.0433054585921,0.1
0.0427394803266,0.1
0.0427796857979,0.1
0.0430991152386,0.1
0.0424966905028,0.1
0.0422350898543,0.1
0.0425200397695,0.1
0.0433567813111,0.1
0.0419008576148,0.1
0.0428536925703,0.1
0.042371830217,0.1
0.0432900646049,0.1
0.0430355135349,0.1
0.0426788295222,0.1
0.0424123732767,0.1
0.0420795953635,0.1
0.0420299451831,0.1
0.0425201697325,0.1
0.0421300258358,0.1
0.0421150351498,0.1
0.0413703575583,0.1
0.0418632730328,0.1
0.04194706308,0.1
0.0417993629871,0.1
0.0412789286827,0.1
0.0418791579264,0.1
0.0411568406692,0.1
0.0416400753503,0.1
0.0419582925408,0.1
0.0410732445828,0.1
0.0408205281324,0.1
0.0411862449454,0.1
0.0411797239746,0.1
0.0410239964226,0.1
0.0411457908319,0.1
0.0409971365565,0.1
0.0408614556522,0.1
0.0405221732593,0.1
0.0402563123143,0.1
0.0406382377375,0.1
0.0397019258509,0.1
0.0406612057333,0.1
0.0405564568697,0.1
0.0399584076883,0.1
0.040575557381,0.1
0.0396654971549,0.1
0.0402854331303,0.1
0.0401817773691,0.1
0.0406943372608,0.1
0.0401511275237,0.1
0.0402123584527,0.1
0.0393300056958,0.1
0.0391064846203,0.1
0.0390472287841,0.1
0.039868403285,0.1
0.0395522461959,0.1
0.0388641103483,0.1
0.0393709894757,0.1
0.0389534864023,0.1
0.0391971394991,0.1
0.0389896567028,0.1
0.0391537790885,0.1
0.0387005646254,0.1
0.039710352149,0.1
0.038380332873,0.1
0.0394406742474,0.1
0.0391671972562,0.1
0.0397848487436,0.1
0.0388309652295,0.1
0.0388797548199,0.1
0.0388710378396,0.1
0.0378709481242,0.1
0.0391743441519,0.1
0.0387232069373,0.1
0.0389190330038,0.1
0.0389009418027,0.1
0.038453358933,0.1
0.0388088518785,0.1
0.0390066341948,0.1
0.0379819538829,0.1
0.0379070918071,0.1
0.0383323904289,0.1
0.0381847626213,0.1
0.0381644987963,0.1
0.0379587668463,0.1
0.0389370184192,0.1
0.0385187946566,0.1
0.0378553944742,0.1
0.0378302642562,0.1
0.0377052298869,0.1
0.0377315336311,0.1
0.0376444422316,0.1
0.0378903003266,0.1
0.0375661036973,0.1
0.0367366919799,0.1
0.0370092819675,0.1
0.0370157791255,0.1
0.0364650425831,0.1
0.0366305181712,0.1
0.0360959864862,0.1
0.0372921328189,0.1
0.037520090173,0.1
0.0371851931425,0.1
0.0373815854595,0.1
0.0371694630961,0.1
0.0365433491759,0.1
0.0373649776323,0.1
0.0362179452967,0.1
0.0376428149457,0.1
0.0367931834815,0.1
0.0368327500246,0.1
0.0369123780996,0.1
0.037503637817,0.1
0.0369120190632,0.1
0.036764815475,0.1
0.0364441308483,0.1
0.0362542814765,0.1
0.0366929930896,0.1
0.0363831445351,0.1
0.0367551698709,0.1
0.0372586750567,0.1
0.0362972745278,0.1
0.0362478267635,0.1
0.0372092872294,0.1
0.0361873436065,0.1
0.0367122762004,0.1
0.0366090110903,0.1
0.0374038678348,0.1
0.0370455880437,0.1
0.0363162749168,0.1
0.0375468080786,0.1
0.0367372895074,0.1
0.036522670153,0.1
0.0372138788004,0.1
0.0370957931533,0.1
0.036160621431,0.1
0.035950072223,0.1
0.0364217597041,0.1
0.0365704472989,0.1
0.0370488556037,0.1
0.0359290928054,0.1
0.0367853627915,0.1
0.0364621739262,0.1
0.036963465282,0.1
0.0369560303219,0.1
0.0361863017008,0.1
0.0366268079212,0.1
0.0365332954245,0.1
0.0365860978215,0.1
0.0362168403967,0.1
0.0366204101349,0.1
0.0369144412328,0.1
0.0352671808511,0.1
0.0360164269508,0.1
0.0363743197769,0.1
0.0364000319954,0.1
0.036076488585,0.1
0.0360994591686,0.1
0.0366712522667,0.1
0.0365918910787,0.1
0.0363709050142,0.1
0.0358754453282,0.1
0.0364785412149,0.1
0.0353722389815,0.1
0.0360216497767,0.1
0.0358370708108,0.1
0.0364402837028,0.1
0.0359060304361,0.1
0.0364544588014,0.1
0.0361621198784,0.1
0.0362970820838,0.1
0.0360839369342,0.1
0.0359821645724,0.1
0.0359455819889,0.1
0.0345061489727,0.1
0.0358804994882,0.1
0.035305163145,0.1
0.035652732778,0.1
0.0354481767543,0.1
0.0352931700885,0.1
0.0352487534284,0.1
0.035143038485,0.1
0.0359457941755,0.1
0.03530677062,0.1
0.0358473158149,0.1
0.0339695735388,0.1
0.0360114519657,0.1
0.0354139313421,0.1
0.0357991922133,0.1
0.0354036622183,0.1
0.0358697103729,0.1
0.0352831738773,0.1
0.0357993680145,0.1
0.0359613363981,0.1
0.0359619531741,0.1
0.0355399515058,0.1
0.0355343481936,0.1
0.0363710792529,0.1
0.0359711923515,0.1
0.035566724503,0.1
0.0353180657005,0.1
0.0357122941638,0.1
0.0365375409011,0.1
0.0357342719211,0.1
0.0352852928087,0.1
0.0347641910218,0.1
0.0351492686326,0.1
0.0350372989923,0.1
0.0351800739413,0.1
0.0354786487929,0.1
0.0359002555303,0.1
0.0350780401062,0.1
0.034725597434,0.1
0.0359778982685,0.1
0.0351112739309,0.1
0.0347798395607,0.1
0.0353903532421,0.1
0.035765932127,0.1
0.0349659095291,0.1
0.0348508827758,0.1
0.0355782806866,0.1
0.0353399767411,0.1
0.0358718980663,0.1
0.0353887409719,0.1
0.0350346688521,0.1
0.0346685461926,0.1
0.0346971914883,0.1
0.0354467849055,0.1
0.0349660082792,0.1
0.0352483479644,0.1
0.0348212403362,0.1
0.0353439393924,0.1
0.0342795237992,0.1
0.0357399690721,0.1
0.0353891996366,0.1
0.0349695993858,0.1
0.0346382286017,0.1
0.0347782634046,0.1
0.0350791206136,0.1
0.035371765573,0.1
0.0351779980098,0.1
0.0350952721935,0.1
0.0355366456183,0.1
0.0351249281386,0.1
0.0344175673893,0.1
0.0348282483663,0.1
0.0348031234652,0.1
0.0341121634326,0.1
0.0345710219883,0.1
0.0347519292971,0.1
0.0347459122148,0.1
0.0348950294097,0.1
0.0346593032528,0.1
0.0346117619814,0.1
0.0353234837807,0.1
0.0350901845142,0.1
0.0355938147018,0.1
0.0342735302456,0.1
0.0344954324286,0.1
0.0342730038821,0.1
0.0342037377901,0.1
0.034776666755,0.1
0.034664550229,0.1
0.0347819185421,0.1
0.0347369041238,0.1
0.0351464808339,0.1
0.0347589036463,0.1
0.0345351848307,0.1
0.034926520237,0.1
0.0346857937842,0.1
0.0346842450161,0.1
0.0344948649506,0.1
0.034888991495,0.1
0.0348148379871,0.1
0.0345745981405,0.1
0.0346677612085,0.1
0.0350589279486,0.1
0.0343849296867,0.1
0.035146756527,0.1
0.0351656948056,0.1
0.0345360289417,0.1
0.0352779838461,0.1
0.0346648297553,0.1
0.0344782553238,0.1
0.0345195756257,0.1
0.0348825306935,0.1
0.0345200046926,0.1
0.0350170252654,0.1
0.0350219567293,0.1
0.0340310132574,0.1
0.0344536456589,0.1
0.0343966959291,0.1
0.0341062142254,0.1
0.0342638625111,0.1
0.0347446872224,0.1
0.0348379219467,0.1
0.0346150581366,0.1
0.0349421649145,0.1
0.0341498585332,0.1
0.0341363408462,0.1
0.0344166973154,0.1
0.0345878452406,0.1
0.0346213911087,0.1
0.0342433495324,0.1
0.0337641600007,0.1
0.0340209239919,0.1
0.0345172071967,0.1
0.0350221808996,0.1
0.0338787714762,0.1
0.0348229196836,0.1
0.0347790319373,0.1
0.0349485681071,0.1
0.0344007756611,0.1
0.0350396179974,0.1
0.034408153737,0.1
0.0343058382655,0.1
0.0350307047709,0.1
0.0347414753929,0.1
0.0344926379294,0.1
0.0347072815574,0.1
0.0346593613234,0.1
0.0352748210685,0.1
0.0348681585565,0.1
0.0351466119983,0.1
0.0338899728088,0.1
0.0346171835794,0.1
0.0342394248066,0.1
0.0343891305883,0.1
0.0344726190475,0.1
0.0344038703758,0.1
0.0340391103788,0.1
0.0337427588228,0.1
0.0350041102384,0.1
0.0338061983514,0.1
0.0335283513639,0.1
0.0338378053317,0.1
0.0336753396321,0.1
0.033496440298,0.1
0.0342653829915,0.1
0.0332884891017,0.1
0.0339139385226,0.1
0.0344862996284,0.1
0.0346063560877,0.1
0.0341745868214,0.1
0.0340333766366,0.1
0.0348134906765,0.1
0.0338985938903,0.1
0.0346508567606,0.1
0.0341249654076,0.1
0.0341679765649,0.1
0.034734331801,0.1
0.0347906737737,0.1
0.0341481354204,0.1
0.0338330285188,0.1
0.033731818438,0.1
0.0351901131542,0.1
0.0354549050628,0.1
0.0345363360818,0.1
0.0346160428894,0.1
0.0345239861176,0.1
0.0339098847251,0.1
0.0337649241647,0.1
0.0340571269667,0.1
0.0348039485375,0.1
0.0335418198821,0.1
0.0346957358024,0.1
0.0341332214757,0.1
0.0337804096086,0.1
0.0346359115886,0.1
0.0346597642993,0.1
0.0345844568075,0.1
0.0343814519729,0.1
0.0341462342641,0.1
0.0332171986563,0.1
0.0340652888448,0.1
0.034625402138,0.1
0.0332251380641,0.1
0.0331951727024,0.1
0.0338578856138,0.1
0.0338617302253,0.1
0.0337828178369,0.1
0.0351517275126,0.1
0.0339237150897,0.1
0.0334523436351,0.1
0.0342220433648,0.1
0.0343998915469,0.1
0.0346130841471,0.1
0.0343204114253,0.1
0.0343046103861,0.1
0.0342658671119,0.1
0.0349300131742,0.1
0.0341033965899,0.1
0.0346510265093,0.1
0.0342938890572,0.1
0.0346547732465,0.1
0.0352149686008,0.1
0.0331194392008,0.1
0.0335726205136,0.1
0.0344865689498,0.1
0.03454841826,0.1
0.0341364267031,0.1
0.0341129004779,0.1
0.0350347036535,0.1
0.0348518921577,0.1
0.0341033365642,0.1
0.0342542433691,0.1
0.0323608238166,0.1
0.034692471866,0.1
0.0341032263687,0.1
0.0340653684945,0.1
0.0346021420067,0.1
0.0338368481861,0.1
0.0344182960611,0.1
0.0344393459306,0.1
0.0342729316031,0.1
0.0347221528535,0.1
0.0342737350969,0.1
0.0347056288446,0.1
0.0343381148553,0.1
0.0339047720268,0.1
0.0347625437934,0.1
0.0339911652442,0.1
0.0344290059354,0.1
0.0339935158379,0.1
0.0348139220262,0.1
0.0350815188123,0.1
0.0342578561633,0.1
0.0343045477926,0.1
0.0339160954721,0.1
0.033956991727,0.1
0.0339136105853,0.1
0.0340911492175,0.1
0.0340451928483,0.1
0.0340196715161,0.1
0.0344629597809,0.1
0.0349471331736,0.1
0.034293847855,0.1
0.0341259323153,0.1
0.034174704098,0.1
0.0345120076996,0.1
0.0341770598143,0.1
0.0339083935438,0.1
0.0340594521971,0.1
0.0334597157429,0.1
0.0343597646735,0.1
0.0344927562516,0.1
0.0341245683359,0.1
0.0353597341441,0.1
0.0345388862734,0.1
0.0342363691676,0.1
0.0349916911674,0.1
0.0347037969983,0.1
0.0344648788614,0.1
0.0339232146645,0.1
0.0338033321514,0.1
0.0339787204968,0.1
0.0343936567928,0.1
0.0340870617833,0.1
0.0335219378523,0.1
0.0339031899087,0.1
0.0336651195337,0.1
0.0341333076656,0.1
0.0339972041051,0.1
0.0335114637058,0.1
0.0339765460744,0.1
0.0333288366021,0.1
0.0331354500982,0.1
0.0339521322084,0.1
0.0335328941233,0.1
0.0340004415888,0.1
0.034268290986,0.1
0.0338829509686,0.1
0.0333844094221,0.1
0.0335277370063,0.1
0.0344211354168,0.1
0.0333940334921,0.1
0.0344166234066,0.1
0.0336034689155,0.1
0.0331463088226,0.1
0.0336703026408,0.1
0.0330825919027,0.1
0.0352320131294,0.1
0.0342549697305,0.1
0.0334833138639,0.1
0.0337801076909,0.1
0.0341597976662,0.1
0.0347469566462,0.1
0.0333625187711,0.1
0.0346245427117,0.1
0.0336272121325,0.1
0.0348946271296,0.1
0.0340763218956,0.1
0.0341786155649,0.1
0.0344248352758,0.1
0.0335364124515,0.1
0.0346026190755,0.1
0.0331861291391,0.1
0.0344698948453,0.1
0.0331376966031,0.1
0.0336459943721,0.1
0.0335176681184,0.1
0.0337993951979,0.1
0.0338444838005,0.1
0.0342209833278,0.1
0.0345823554465,0.1
0.0353636344824,0.1
0.0342485052308,0.1
0.033656626617,0.1
0.0350810521092,0.1
0.0341879627848,0.1
0.0338981174834,0.1
0.0336524998025,0.1
0.0333171327833,0.1
0.0335399576085,0.1
0.0335846306899,0.1
0.0335321363286,0.1
0.033318430689,0.1
0.0334787501622,0.1
0.0338041347574,0.1
0.0340218826176,0.1
0.0335367944178,0.1
0.0323532035989,0.1
0.0333928593901,0.1
0.034205507908,0.1
0.0329340076659,0.1
0.0333560773137,0.1
0.0333488784879,0.1
0.0322281919654,0.1
0.034533018335,0.1
0.0334229699836,0.1
0.0335186897262,0.1
0.0332119003893,0.1
0.0332045419764,0.1
0.0333679076521,0.1
0.0326556841513,0.1
0.0325261397637,0.1
0.0333648315384,0.1
0.0334533488867,0.1
0.0340545113628,0.1
0.0339348701391,0.1
0.0326563952338,0.1
0.0340930431303,0.1
0.0336758334492,0.1
0.0334867944009,0.1
0.0326879738739,0.1
0.0332888817651,0.1
0.0338717055771,0.1
0.0334669234563,0.1
0.0327684985257,0.1
0.0334153472149,0.1
0.0330103346703,0.1
0.0336667815274,0.1
0.0344463648673,0.1
0.032667535805,0.1
0.0332749472799,0.1
0.0332394317249,0.1
0.0330486200841,0.1
0.0329794239248,0.1
0.0325959460019,0.1
0.0323661190784,0.1
0.0328023490424,0.1
0.0338209037273,0.1
0.031408871829,0.1
0.0331075217426,0.1
0.0318910003636,0.1
0.0315158812569,0.1
0.033860208624,0.1
0.032941986921,0.1
0.0328393525245,0.1
0.0328057090095,0.1
0.0327392175541,0.1
0.0333261137961,0.1
0.033288101419,0.1
0.0324467861945,0.1
0.0334858305375,0.1
0.0336409889579,0.1
0.0326252278026,0.1
0.0327724657117,0.1
0.0329161203651,0.1
0.0331651647476,0.1
0.0343881775113,0.1
0.0331917508371,0.1
0.0334328859643,0.1
0.0324027797664,0.1
0.0324313491009,0.1
0.0324720846835,0.1
0.0325891679477,0.1
0.0327126495699,0.1
0.0334834538259,0.1
0.0313178237567,0.1
0.0323031855886,0.1
0.0322322686776,0.1
0.0327453732674,0.1
0.0328802240928,0.1
0.0323357577394,0.1
0.0325385526858,0.1
0.0323287977851,0.1
0.0324869752239,0.1
0.0317431568798,0.1
0.03132891537,0.1
0.0321499408966,0.1
0.0316684098626,0.1
0.0328002626599,0.1
0.0325690431209,0.1
0.0317457006006,0.1
0.0320707038891,0.1
0.0325802782589,0.1
0.0313320839532,0.1
0.0327358385654,0.1
0.0315861069693,0.1
0.0317791620691,0.1
0.0325570103855,0.1
0.0312785733321,0.1
0.0329682050538,0.1
0.0325738476147,0.1
0.0324640389089,0.1
0.0321766404676,0.1
0.0318873559178,0.1
0.0316734882951,0.1
0.0327506624249,0.1
0.0321737169243,0.1
0.0309190442145,0.1
0.0310288673099,0.1
0.0312593428206,0.1
0.0310173151129,0.1
0.0316713507244,0.1
0.0321513600671,0.1
0.031458304935,0.1
0.0325348124307,0.1
0.0322871160261,0.1
0.0320279723612,0.1
0.0308979725149,0.1
0.0312142057691,0.1
0.0315141840276,0.1
0.0331755441226,0.1
0.0320530294662,0.1
0.0310068434288,0.1
0.0313981947312,0.1
0.0320844686194,0.1
0.0318551367158,0.1
0.0317265184777,0.1
0.0322497226495,0.1
0.031630010667,0.1
0.0261149939754,0.1
0.0306555869477,0.1
0.0348175379027,0.1
0.0314398214387,0.1
0.0311740848028,0.1
0.0355891545908,0.1
0.0309885902517,0.1
0.0310500995044,0.1
0.0319753573932,0.1
0.0312908387048,0.1
0.0314585798337,0.1
0.0316647544458,0.1
0.0303679804706,0.1
0.0308459001721,0.1
0.0309361997573,0.1
0.0320629949445,0.1
0.0309858392562,0.1
0.0306313633503,0.1
0.0299635697167,0.1
0.0301635942495,0.1
0.0315358292203,0.1
0.0308780456955,0.1
0.0303525268158,0.1
0.037558685878,0.1
0.0312581154882,0.1
0.0313615841099,0.1
0.0308615836932,0.1
0.0312962398757,0.1
0.0313673261738,0.1
0.0313155398237,0.1
0.0306880813821,0.1
0.0302152051741,0.1
0.0308348970592,0.1
0.0309726653711,0.1
0.030997535468,0.1
0.0302808707711,0.1
0.0297840810102,0.1
0.0313318231138,0.1
0.029637971554,0.1
0.0303721204273,0.1
0.0315111691967,0.1
0.0315402305422,0.1
0.0299730673478,0.1
0.0307823560145,0.1
0.030705714385,0.1
0.030015233157,0.1
0.0298745795058,0.1
0.0303406655112,0.1
0.0297216711005,0.1
0.0309861469246,0.1
0.0302920352009,0.1
0.0307753864097,0.1
0.0307078652575,0.1
0.0298620090654,0.1
0.0309724938651,0.1
0.030240833057,0.1
0.0298647806014,0.1
0.0291388242004,0.1
0.0300601471032,0.1
0.0301219873865,0.1
0.0294805359965,0.1
0.0298838651732,0.1
0.030456212699,0.1
0.0330035139477,0.1
0.0303506029051,0.1
0.0296301333466,0.1
0.0298445785148,0.1
0.0298370164137,0.1
0.0298860225333,0.1
0.0304385824443,0.1
0.0307381715449,0.1
0.030340690592,0.1
0.0299515669291,0.1
0.0307959817321,0.1
0.0302862666223,0.1
0.0299631264655,0.1
0.0311295267664,0.1
0.030744943743,0.1
0.0295739740648,0.1
0.0293586053656,0.1
0.0301141847813,0.1
0.0293550710693,0.1
0.029366792588,0.1
0.029446164859,0.1
0.0299550351233,0.1
0.02909106824,0.1
0.0289383996908,0.1
0.0293050679085,0.1
0.0295712424762,0.1
0.029305943297,0.1
0.0292006383901,0.1
0.0290183150882,0.1
0.0306401667952,0.1
0.0288896900738,0.1
0.0295897968277,0.1
0.0291273292349,0.1
0.0294121902598,0.1
0.029898133286,0.1
0.0286908854447,0.1
0.0281484102826,0.1
0.0289796407455,0.1
0.0295205058837,0.1
0.0305306105759,0.1
0.0293476713173,0.1
0.0288613005899,0.1
0.0287085706742,0.1
0.0285775435254,0.1
0.0289937192593,0.1
0.02943629996,0.1
0.0288887827908,0.1
0.0305120627963,0.1
0.0291481603137,0.1
0.0299729463742,0.1
0.0284697936645,0.1
0.0286475326836,0.1
0.0294570218327,0.1
0.0291617855228,0.1
0.0290424648148,0.1
0.0286324319146,0.1
0.0281956718511,0.1
0.0285753179806,0.1
0.0294296975028,0.1
0.0310742167644,0.1
0.0305389354887,0.1
0.0295168883555,0.1
0.0296266256141,0.1
0.028716488839,0.1
0.0288144530463,0.1
0.0289235835232,0.1
0.029828707273,0.1
0.0280082133556,0.1
0.0284789531462,0.1
0.0284319526607,0.1
0.0281572725334,0.1
0.0272838314356,0.1
0.028409423282,0.1
0.0288220030791,0.1
0.0289628658393,0.1
0.0288392040277,0.1
0.0291334945534,0.1
0.0280797267415,0.1
0.0290094597888,0.1
0.0287968827755,0.1
0.0279254669043,0.1
0.0283913197074,0.1
0.0290611373125,0.1
0.02773013656,0.1
0.0284163143018,0.1
0.0277169526615,0.1
0.0282014652436,0.1
0.0284378259181,0.1
0.0272257457337,0.1
0.0278875833479,0.1
0.0280882338577,0.1
0.0281104419808,0.1
0.0283380988564,0.1
0.0280953142082,0.1
0.0277344990013,0.1
0.0277280574216,0.1
0.0286540837937,0.1
0.0281045764399,0.1
0.028836031768,0.1
0.0284430856618,0.1
0.0287231203688,0.1
0.0283603309931,0.1
0.0283075077665,0.1
0.0281412561554,0.1
0.0282587715748,0.1
0.0278512218068,0.1
0.0283570995727,0.1
0.0279767791868,0.1
0.0282225514927,0.1
0.0279361451962,0.1
0.0294106721669,0.1
0.028065906765,0.1
0.0278804822046,0.1
0.0277464636266,0.1
0.028317822166,0.1
0.0286708221183,0.1
0.0280928445614,0.1
0.027495239388,0.1
0.0274965384489,0.1
0.0272879430315,0.1
0.0275234635863,0.1
0.0272017573474,0.1
0.0272545984464,0.1
0.0272359946815,0.1
0.0276522303077,0.1
0.0287715335911,0.1
0.0282883932043,0.1
0.0280375776817,0.1
0.0271029307266,0.1
0.0277207242944,0.1
0.0279230847303,0.1
0.0274716444147,0.1
0.0278585572997,0.1
0.0275029929952,0.1
0.0269753775744,0.1
0.0273070518316,0.1
0.0278652018564,0.1
0.0274606873289,0.1
0.0280478844864,0.1
0.0277055804637,0.1
0.0270640642172,0.1
0.0277462987712,0.1
0.0278923754399,0.1
0.0272589555858,0.1
0.0279792191864,0.1
0.0274412303153,0.1
0.0279409244671,0.1
0.0275100509093,0.1
0.0267983938646,0.1
0.0276958515659,0.1
0.0278139311552,0.1
0.0278907079702,0.1
0.0282380768285,0.1
0.0268450239301,0.1
0.0270104936238,0.1
0.0266206806032,0.1
0.026508577663,0.1
0.026425787062,0.1
0.0274132675275,0.1
0.0268842981523,0.1
0.0271426171403,0.1
0.0272129009715,0.1
0.0268390603297,0.1
0.027797277652,0.1
0.0274160085227,0.1
0.0264879538283,0.1
0.0277690246997,0.1
0.0266509228759,0.1
0.0269776681742,0.1
0.0268654753312,0.1
0.0276107705509,0.1
0.0266037349748,0.1
0.0271635865215,0.1
0.0273440062804,0.1
0.0266334362672,0.1
0.0271436209245,0.1
0.0264950468889,0.1
0.0279059070815,0.1
0.02695969078,0.1
0.0265935934673,0.1
0.0264779435965,0.1
0.0276430350714,0.1
0.0270824912248,0.1
0.0260639912225,0.1
0.0269608775224,0.1
0.0271884243847,0.1
0.0279120786227,0.1
0.0272601436769,0.1
0.0272025667784,0.1
0.0268257190951,0.1
0.0266624844019,0.1
0.0264255937573,0.1
0.0268017528725,0.1
0.0261827419106,0.1
0.0259490130334,0.1
0.0264381257901,0.1
0.0265219750592,0.1
0.0283724126667,0.1
0.0263276685897,0.1
0.027222681122,0.1
0.0271571573703,0.1
0.0268340215651,0.1
0.0276281391344,0.1
0.0268744539443,0.1
0.0260972188024,0.1
0.0250207111922,0.1
0.0266431523707,0.1
0.0258416640614,0.1
0.0266570421719,0.1
0.027531996149,0.1
0.0258731065646,0.1
0.0267118697881,0.1
0.0266931050348,0.1
0.027141302139,0.1
0.0268033672967,0.1
0.0269200320225,0.1
0.026682400557,0.1
0.0266750425494,0.1
0.0260425577901,0.1
0.0262199069175,0.1
0.0262757670892,0.1
0.0272156846477,0.1
0.026846332773,0.1
0.0270350173228,0.1
0.026191475088,0.1
0.0265398165347,0.1
0.0263546439399,0.1
0.0266031692908,0.1
0.0263888737579,0.1
0.0251667651863,0.1
0.025576276921,0.1
0.0262483030666,0.1
0.0257652603845,0.1
0.0266881320776,0.1
0.0262051687922,0.1
0.0264306007506,0.1
0.0252559128273,0.1
0.0259283626899,0.1
0.026019792924,0.1
0.0268273566228,0.1
0.02590894077,0.1
0.0261662261906,0.1
0.026790190064,0.1
0.0259673698826,0.1
0.0260404661097,0.1
0.0259843796547,0.1
0.0263996846786,0.1
0.027008877706,0.1
0.0266488496204,0.1
0.0267395031447,0.1
0.0257241340972,0.1
0.0262279814134,0.1
0.0263427671103,0.1
0.0259877419884,0.1
0.0261008662934,0.1
0.0264054841615,0.1
0.0257460510763,0.1
0.0253126248229,0.1
0.0262316014582,0.1
0.0253705680429,0.1
0.0255291328776,0.1
0.025308648042,0.1
0.0269358845989,0.1
0.0266856523965,0.1
0.0258871535281,0.1
0.0259924930626,0.1
0.0255859745028,0.1
0.0248740911883,0.1
0.0260799859832,0.1
0.02634891197,0.1
0.0264753789696,0.1
0.0256346285201,0.1
0.0256469915599,0.1
0.0261018433682,0.1
0.0254045809722,0.1
0.025146285305,0.1
0.0260463441763,0.1
0.0253582831496,0.1
0.0246868763931,0.1
0.0258632726885,0.1
0.0254312307263,0.1
0.0243919992965,0.1
0.0254385097747,0.1
0.0256107103,0.1
0.0255273064904,0.1
0.0253760437318,0.1
0.024680713175,0.1
0.0251433812057,0.1
0.0258112635729,0.1
0.0249393641314,0.1
0.026316214606,0.1
0.0252957318509,0.1
0.0254695749744,0.1
0.025046289709,0.1
0.0252403728293,0.1
0.0249604566395,0.1
0.0260577019,0.1
0.0252447148971,0.1
0.0257910500185,0.1
0.0259657766721,0.1
0.0259313811226,0.1
0.0246682133616,0.1
0.0253232308799,0.1
0.0258567461434,0.1
0.0251975282949,0.1
0.0257642657352,0.1
0.0243113703752,0.1
0.0248319487644,0.1
0.0258360332024,0.1
0.0250845672067,0.1
0.0252617496215,0.1
0.0256755867742,0.1
0.0250982713652,0.1
0.025874688493,0.1
0.0251290373101,0.1
0.0256077916096,0.1
0.0259964161469,0.1
0.0251911846609,0.1
0.0256416095292,0.1
0.0250455687411,0.1
0.0255636981331,0.1
0.0251432326931,0.1
0.0261207777539,0.1
0.0251859321819,0.1
0.0247280324698,0.1
0.0255434920535,0.1
0.0253454043505,0.1
0.0251059827682,0.1
0.0239388948379,0.1
0.0248826213223,0.1
0.0251501757429,0.1
0.0244947118657,0.1
0.0245150821624,0.1
0.0256751026256,0.1
0.0247973324952,0.1
0.0248034755173,0.1
0.0248426525446,0.1
0.0251691370202,0.1
0.0253074558075,0.1
0.0261058162539,0.1
0.024708910986,0.1
0.0252356797951,0.1
0.0249677751676,0.1
0.024762510746,0.1
0.0257244048158,0.1
0.024883867403,0.1
0.0247443695519,0.1
0.0266473113069,0.1
0.0269659395769,0.1
0.0253150423911,0.1
0.025120542122,0.1
0.0251178482151,0.1
0.0248733287952,0.1
0.025193742891,0.1
0.0254698342161,0.1
0.0255665482347,0.1
0.0247861209471,0.1
0.0250958138001,0.1
0.0251628261014,0.1
0.0246709599898,0.1
0.0248797025667,0.1
0.0247723048894,0.1
0.0246341244744,0.1
0.0250020816691,0.1
0.0250594692946,0.1
0.0242018014559,0.1
0.0250092197523,0.1
0.0240753327638,0.1
0.0253714202625,0.1
0.0242992921284,0.1
0.0248334284724,0.1
0.0241256813333,0.1
0.0251188137192,0.1
0.0254708816985,0.1
0.0251529912523,0.1
0.0249747904907,0.1
0.0245722047389,0.1
0.0248040689766,0.1
0.0251626720622,0.1
0.0245653261898,0.1
0.024224776165,0.1
0.0238452737353,0.1
0.0244077314448,0.1
0.0257328354679,0.1
0.0247172764285,0.1
0.0241476618023,0.1
0.0241420311073,0.1
0.0245535550443,0.1
0.0253811284695,0.1
0.0244888686675,0.1
0.0249271783157,0.1
0.0248727395906,0.1
0.0252152182296,0.1
0.0244720227754,0.1
0.0247064791127,0.1
0.0246022881627,0.1
0.0241947559853,0.1
0.0250342353632,0.1
0.0249709799708,0.1
0.0249839761096,0.1
0.0243843125027,0.1
0.0245898990525,0.1
0.0254254924476,0.1
0.0246824599623,0.1
0.0257201901174,0.1
0.0256798342378,0.1
0.0249703873089,0.1
0.0245430644591,0.1
0.0245345108854,0.1
0.0242250920655,0.1
0.0244315710276,0.1
0.0236195185888,0.1
0.0248222753638,0.1
0.0241025012874,0.1
0.0255606131914,0.1
0.0241270419622,0.1
0.0234257871598,0.1
0.0243755226664,0.1
0.0244011472505,0.1
0.030471622226,0.1
0.0241597457093,0.1
0.0240182957684,0.1
0.0249242671621,0.1
0.0243534618362,0.1
0.0244275711143,0.1
0.0240933106563,0.1
0.0243829600024,0.1
0.0243395046878,0.1
